<?xml version="1.0" encoding="utf-8"?>
<root>
  <student id="121450100">
    <name>张程</name>
    <callCount>0</callCount>
  </student>
  <student id="121450200">
    <name>鲁宁</name>
    <callCount>0</callCount>
  </student>
  <student id="121450300">
    <name>杨思齐</name>
    <callCount>0</callCount>
  </student>
  <student id="121450400">
    <name>杨宇杰</name>
    <callCount>0</callCount>
  </student>
  <student id="121450500">
    <name>字毅珍</name>
    <callCount>0</callCount>
  </student>
  <student id="121450600">
    <name>赵娅彤</name>
    <callCount>0</callCount>
  </student>
  <student id="121450700">
    <name>赵彦楸</name>
    <callCount>0</callCount>
  </student>
  <student id="121450800">
    <name>李明玖</name>
    <callCount>0</callCount>
  </student>
  <student id="121450900">
    <name>王晨宇</name>
    <callCount>0</callCount>
  </student>
  <student id="121451000">
    <name>王鑫</name>
    <callCount>0</callCount>
  </student>
  <student id="121451100">
    <name>吴宇航</name>
    <callCount>0</callCount>
  </student>
  <student id="121451200">
    <name>苏树</name>
    <callCount>0</callCount>
  </student>
  <student id="121451300">
    <name>石一淇</name>
    <callCount>0</callCount>
  </student>
  <student id="121451400">
    <name>冯坤榕</name>
    <callCount>0</callCount>
  </student>
  <student id="121451500">
    <name>杨婕</name>
    <callCount>0</callCount>
  </student>
  <student id="121451600">
    <name>李俊毅</name>
    <callCount>0</callCount>
  </student>
  <student id="121451700">
    <name>施元奇</name>
    <callCount>0</callCount>
  </student>
  <student id="121451800">
    <name>赵媛湘</name>
    <callCount>0</callCount>
  </student>
  <student id="121451900">
    <name>张钰婕</name>
    <callCount>0</callCount>
  </student>
  <student id="121452000">
    <name>李骄</name>
    <callCount>0</callCount>
  </student>
  <student id="121452100">
    <name>蒲瑾</name>
    <callCount>0</callCount>
  </student>
  <student id="121452200">
    <name>紫国涛</name>
    <callCount>0</callCount>
  </student>
  <student id="121452300">
    <name>马寒</name>
    <callCount>0</callCount>
  </student>
  <student id="121452400">
    <name>蔡德萍</name>
    <callCount>0</callCount>
  </student>
  <student id="121452500">
    <name>杨湘</name>
    <callCount>0</callCount>
  </student>
  <student id="121452600">
    <name>罗金霞</name>
    <callCount>0</callCount>
  </student>
  <student id="121452700">
    <name>张芯瑗</name>
    <callCount>0</callCount>
  </student>
  <student id="121452800">
    <name>字奋杰</name>
    <callCount>0</callCount>
  </student>
  <student id="121452900">
    <name>刘仪波</name>
    <callCount>0</callCount>
  </student>
  <student id="121453000">
    <name>李海城</name>
    <callCount>0</callCount>
  </student>
  <student id="121453100">
    <name>李文杰</name>
    <callCount>0</callCount>
  </student>
  <student id="121453200">
    <name>李冠睿</name>
    <callCount>0</callCount>
  </student>
  <student id="121453300">
    <name>木宇帆</name>
    <callCount>0</callCount>
  </student>
  <student id="121453400">
    <name>杨丽源</name>
    <callCount>0</callCount>
  </student>
  <student id="121453500">
    <name>王宏波</name>
    <callCount>0</callCount>
  </student>
  <student id="121453600">
    <name>李照晗</name>
    <callCount>0</callCount>
  </student>
  <student id="121453700">
    <name>杨晓倩</name>
    <callCount>0</callCount>
  </student>
  <student id="121453800">
    <name>字仙瑶</name>
    <callCount>0</callCount>
  </student>
  <student id="121453900">
    <name>李焓赵</name>
    <callCount>0</callCount>
  </student>
  <student id="121454000">
    <name>胡蝶</name>
    <callCount>0</callCount>
  </student>
  <student id="121454100">
    <name>杨植尧</name>
    <callCount>0</callCount>
  </student>
  <student id="121454200">
    <name>张锦彤</name>
    <callCount>0</callCount>
  </student>
  <student id="121454300">
    <name>杨俊良</name>
    <callCount>0</callCount>
  </student>
  <student id="121454400">
    <name>吴怀</name>
    <callCount>0</callCount>
  </student>
  <student id="121454500">
    <name>李霞</name>
    <callCount>0</callCount>
  </student>
  <student id="121454600">
    <name>尹佳</name>
    <callCount>0</callCount>
  </student>
  <student id="121454700">
    <name>孙雷</name>
    <callCount>0</callCount>
  </student>
  <student id="121454800">
    <name>张李豪</name>
    <callCount>0</callCount>
  </student>
  <student id="121454900">
    <name>杨双杰</name>
    <callCount>0</callCount>
  </student>
  <student id="121455000">
    <name>张晶莹</name>
    <callCount>0</callCount>
  </student>
  <student id="121455100">
    <name>郭钰轩</name>
    <callCount>0</callCount>
  </student>
  <student id="121455200">
    <name>杨宇帆</name>
    <callCount>0</callCount>
  </student>
  <student id="121455300">
    <name>潘顺超</name>
    <callCount>0</callCount>
  </student>
  <student id="121455400">
    <name>段辉</name>
    <callCount>0</callCount>
  </student>
  <student id="121455500">
    <name>尹洱康</name>
    <callCount>0</callCount>
  </student>
  <student id="121455600">
    <name>张雨娟</name>
    <callCount>0</callCount>
  </student>
  <student id="121455700">
    <name>姚子文</name>
    <callCount>0</callCount>
  </student>
</root>
