﻿<?xml version="1.0" encoding="utf-8"?>
<root>
  <student id="121420100">
    <name>高晗燊</name>
    <callCount>0</callCount>
  </student>
  <student id="121420200">
    <name>田映雄</name>
    <callCount>1</callCount>
  </student>
  <student id="121420300">
    <name>赵子凡</name>
    <callCount>0</callCount>
  </student>
  <student id="121420400">
    <name>王戌坤</name>
    <callCount>0</callCount>
  </student>
  <student id="121420500">
    <name>王雨涵</name>
    <callCount>0</callCount>
  </student>
  <student id="121420600">
    <name>李苏醒</name>
    <callCount>0</callCount>
  </student>
  <student id="121420700">
    <name>王绍琴</name>
    <callCount>0</callCount>
  </student>
  <student id="121420800">
    <name>张皓旸</name>
    <callCount>0</callCount>
  </student>
  <student id="121420900">
    <name>李永欣</name>
    <callCount>0</callCount>
  </student>
  <student id="121421000">
    <name>李金旺</name>
    <callCount>0</callCount>
  </student>
  <student id="121421100">
    <name>杨海超</name>
    <callCount>0</callCount>
  </student>
  <student id="121421200">
    <name>陈奕帆</name>
    <callCount>0</callCount>
  </student>
  <student id="121421300">
    <name>李文乐</name>
    <callCount>0</callCount>
  </student>
  <student id="121421400">
    <name>张美娟</name>
    <callCount>0</callCount>
  </student>
  <student id="121421500">
    <name>刘榆行</name>
    <callCount>0</callCount>
  </student>
  <student id="121421600">
    <name>张兴敏</name>
    <callCount>0</callCount>
  </student>
  <student id="121421700">
    <name>陈竟</name>
    <callCount>0</callCount>
  </student>
  <student id="121421800">
    <name>张涵</name>
    <callCount>0</callCount>
  </student>
  <student id="121421900">
    <name>郭振宇</name>
    <callCount>0</callCount>
  </student>
  <student id="121422000">
    <name>张雅烨</name>
    <callCount>0</callCount>
  </student>
  <student id="121422100">
    <name>张海贵</name>
    <callCount>0</callCount>
  </student>
  <student id="121422200">
    <name>窦淑敏</name>
    <callCount>0</callCount>
  </student>
  <student id="121422300">
    <name>杨成天</name>
    <callCount>0</callCount>
  </student>
  <student id="121422400">
    <name>陆恒宇</name>
    <callCount>0</callCount>
  </student>
  <student id="121422500">
    <name>李敉</name>
    <callCount>1</callCount>
  </student>
  <student id="121422600">
    <name>杨发存</name>
    <callCount>0</callCount>
  </student>
  <student id="121422700">
    <name>奎文辉</name>
    <callCount>0</callCount>
  </student>
  <student id="121422800">
    <name>付敦荣</name>
    <callCount>1</callCount>
  </student>
  <student id="121422900">
    <name>王浩为</name>
    <callCount>0</callCount>
  </student>
  <student id="121423000">
    <name>李淑雯</name>
    <callCount>0</callCount>
  </student>
  <student id="121423100">
    <name>高云飞</name>
    <callCount>0</callCount>
  </student>
  <student id="121423200">
    <name>张尧</name>
    <callCount>0</callCount>
  </student>
  <student id="121423300">
    <name>洪思彤</name>
    <callCount>0</callCount>
  </student>
  <student id="121423400">
    <name>杨函霖</name>
    <callCount>1</callCount>
  </student>
  <student id="121423500">
    <name>史建敏</name>
    <callCount>0</callCount>
  </student>
  <student id="121423600">
    <name>李四琴</name>
    <callCount>0</callCount>
  </student>
  <student id="121423700">
    <name>杨健宏</name>
    <callCount>0</callCount>
  </student>
  <student id="121423800">
    <name>李建新</name>
    <callCount>0</callCount>
  </student>
  <student id="121423900">
    <name>常国琴</name>
    <callCount>0</callCount>
  </student>
  <student id="121424000">
    <name>李涧源</name>
    <callCount>0</callCount>
  </student>
  <student id="121424100">
    <name>段泓宇</name>
    <callCount>1</callCount>
  </student>
  <student id="121424200">
    <name>杨潇宇</name>
    <callCount>0</callCount>
  </student>
  <student id="121424300">
    <name>陈兴凤</name>
    <callCount>1</callCount>
  </student>
  <student id="121424400">
    <name>张恒皓</name>
    <callCount>1</callCount>
  </student>
  <student id="121424500">
    <name>李潇</name>
    <callCount>0</callCount>
  </student>
  <student id="121424600">
    <name>廖靖怡</name>
    <callCount>0</callCount>
  </student>
  <student id="121424700">
    <name>段嘉宇</name>
    <callCount>0</callCount>
  </student>
  <student id="121424800">
    <name>李腾浩</name>
    <callCount>0</callCount>
  </student>
  <student id="121424900">
    <name>陈李静</name>
    <callCount>0</callCount>
  </student>
  <student id="121425000">
    <name>杨奕成</name>
    <callCount>1</callCount>
  </student>
  <student id="121425100">
    <name>杨明行</name>
    <callCount>1</callCount>
  </student>
  <student id="121425200">
    <name>喻婷</name>
    <callCount>0</callCount>
  </student>
  <student id="121425300">
    <name>杨念涛</name>
    <callCount>0</callCount>
  </student>
  <student id="121425400">
    <name>赵锦鸿</name>
    <callCount>0</callCount>
  </student>
</root>